[
  {
    "categoria": "Ciudad Autónoma",
    "id": "02",
    "iso_id": "AR-C",
    "iso_nombre": "Ciudad Autónoma de Buenos Aires",
    "nombre": "Ciudad Autónoma de Buenos Aires",
    "nombre_completo": "Ciudad Autónoma de Buenos Aires"
  },
  {
    "categoria": "Provincia",
    "id": "58",
    "iso_id": "AR-Q",
    "iso_nombre": "Neuquén",
    "nombre": "Neuquén",
    "nombre_completo": "Provincia del Neuquén"
  },
  {
    "categoria": "Provincia",
    "id": "74",
    "iso_id": "AR-D",
    "iso_nombre": "San Luis",
    "nombre": "San Luis",
    "nombre_completo": "Provincia de San Luis"
  },
  {
    "categoria": "Provincia",
    "id": "82",
    "iso_id": "AR-S",
    "iso_nombre": "Santa Fe",
    "nombre": "Santa Fe",
    "nombre_completo": "Provincia de Santa Fe"
  },
  {
    "categoria": "Provincia",
    "id": "46",
    "iso_id": "AR-F",
    "iso_nombre": "La Rioja",
    "nombre": "La Rioja",
    "nombre_completo": "Provincia de La Rioja"
  },
  {
    "categoria": "Provincia",
    "id": "10",
    "iso_id": "AR-K",
    "iso_nombre": "Catamarca",
    "nombre": "Catamarca",
    "nombre_completo": "Provincia de Catamarca"
  },
  {
    "categoria": "Provincia",
    "id": "90",
    "iso_id": "AR-T",
    "iso_nombre": "Tucumán",
    "nombre": "Tucumán",
    "nombre_completo": "Provincia de Tucumán"
  },
  {
    "categoria": "Provincia",
    "id": "22",
    "iso_id": "AR-H",
    "iso_nombre": "Chaco",
    "nombre": "Chaco",
    "nombre_completo": "Provincia del Chaco"
  },
  {
    "categoria": "Provincia",
    "id": "34",
    "iso_id": "AR-P",
    "iso_nombre": "Formosa",
    "nombre": "Formosa",
    "nombre_completo": "Provincia de Formosa"
  },
  {
    "categoria": "Provincia",
    "id": "78",
    "iso_id": "AR-Z",
    "iso_nombre": "Santa Cruz",
    "nombre": "Santa Cruz",
    "nombre_completo": "Provincia de Santa Cruz"
  },
  {
    "categoria": "Provincia",
    "id": "26",
    "iso_id": "AR-U",
    "iso_nombre": "Chubut",
    "nombre": "Chubut",
    "nombre_completo": "Provincia del Chubut"
  },
  {
    "categoria": "Provincia",
    "id": "50",
    "iso_id": "AR-M",
    "iso_nombre": "Mendoza",
    "nombre": "Mendoza",
    "nombre_completo": "Provincia de Mendoza"
  },
  {
    "categoria": "Provincia",
    "id": "30",
    "iso_id": "AR-E",
    "iso_nombre": "Entre Ríos",
    "nombre": "Entre Ríos",
    "nombre_completo": "Provincia de Entre Ríos"
  },
  {
    "categoria": "Provincia",
    "id": 70,
    "iso_id": "AR-J",
    "iso_nombre": "San Juan",
    "nombre": "San Juan",
    "nombre_completo": "Provincia de San Juan"
  },
  {
    "categoria": "Provincia",
    "id": "38",
    "iso_id": "AR-Y",
    "iso_nombre": "Jujuy",
    "nombre": "Jujuy",
    "nombre_completo": "Provincia de Jujuy"
  },
  {
    "categoria": "Provincia",
    "id": "86",
    "iso_id": "AR-G",
    "iso_nombre": "Santiago del Estero",
    "nombre": "Santiago del Estero",
    "nombre_completo": "Provincia de Santiago del Estero"
  },
  {
    "categoria": "Provincia",
    "id": "62",
    "iso_id": "AR-R",
    "iso_nombre": "Río Negro",
    "nombre": "Río Negro",
    "nombre_completo": "Provincia de Río Negro"
  },
  {
    "categoria": "Provincia",
    "id": "18",
    "iso_id": "AR-W",
    "iso_nombre": "Corrientes",
    "nombre": "Corrientes",
    "nombre_completo": "Provincia de Corrientes"
  },
  {
    "categoria": "Provincia",
    "id": "54",
    "iso_id": "AR-N",
    "iso_nombre": "Misiones",
    "nombre": "Misiones",
    "nombre_completo": "Provincia de Misiones"
  },
  {
    "categoria": "Provincia",
    "id": 66,
    "iso_id": "AR-A",
    "iso_nombre": "Salta",
    "nombre": "Salta",
    "nombre_completo": "Provincia de Salta"
  },
  {
    "categoria": "Provincia",
    "id": "14",
    "iso_id": "AR-X",
    "iso_nombre": "Córdoba",
    "nombre": "Córdoba",
    "nombre_completo": "Provincia de Córdoba"
  },
  {
    "categoria": "Provincia",
    "id": "06",
    "iso_id": "AR-B",
    "iso_nombre": "Buenos Aires",
    "nombre": "Buenos Aires",
    "nombre_completo": "Provincia de Buenos Aires"
  },
  {
    "categoria": "Provincia",
    "id": "42",
    "iso_id": "AR-L",
    "iso_nombre": "La Pampa",
    "nombre": "La Pampa",
    "nombre_completo": "Provincia de La Pampa"
  },
  {
    "categoria": "Provincia",
    "id": "94",
    "iso_id": "AR-V",
    "iso_nombre": "Tierra del Fuego",
    "nombre": "Tierra del Fuego, Antártida e Islas del Atlántico Sur",
    "nombre_completo": "Provincia de Tierra del Fuego, Antártida e Islas del Atlántico Sur"
  }
]